{
  "GETALL" : {
    "transaction" : "GETALL",
    "sampleCount" : 1200,
    "errorCount" : 0,
    "errorPct" : 0.0,
    "meanResTime" : 0.6133333333333346,
    "medianResTime" : 1.0,
    "minResTime" : 0.0,
    "maxResTime" : 32.0,
    "pct1ResTime" : 1.0,
    "pct2ResTime" : 1.0,
    "pct3ResTime" : 2.0,
    "throughput" : 20.0860351840383,
    "receivedKBytesPerSec" : 9.140715230236179,
    "sentKBytesPerSec" : 2.5107543980047873
  },
  "DELETE" : {
    "transaction" : "DELETE",
    "sampleCount" : 1200,
    "errorCount" : 0,
    "errorPct" : 0.0,
    "meanResTime" : 0.6025,
    "medianResTime" : 1.0,
    "minResTime" : 0.0,
    "maxResTime" : 13.0,
    "pct1ResTime" : 1.0,
    "pct2ResTime" : 1.0,
    "pct3ResTime" : 2.0,
    "throughput" : 20.087043856712423,
    "receivedKBytesPerSec" : 5.512167308336123,
    "sentKBytesPerSec" : 4.197878305992635
  },
  "CREATE" : {
    "transaction" : "CREATE",
    "sampleCount" : 1200,
    "errorCount" : 0,
    "errorPct" : 0.0,
    "meanResTime" : 2.2158333333333364,
    "medianResTime" : 2.0,
    "minResTime" : 1.0,
    "maxResTime" : 83.0,
    "pct1ResTime" : 2.0,
    "pct2ResTime" : 3.0,
    "pct3ResTime" : 7.0,
    "throughput" : 20.053475935828878,
    "receivedKBytesPerSec" : 5.072119401737968,
    "sentKBytesPerSec" : 6.71713109959893
  },
  "Total" : {
    "transaction" : "Total",
    "sampleCount" : 7200,
    "errorCount" : 0,
    "errorPct" : 0.0,
    "meanResTime" : 0.9355555555555586,
    "medianResTime" : 1.0,
    "minResTime" : 0.0,
    "maxResTime" : 83.0,
    "pct1ResTime" : 2.0,
    "pct2ResTime" : 2.0,
    "pct3ResTime" : 3.0,
    "throughput" : 120.3168343304034,
    "receivedKBytesPerSec" : 39.83145199024097,
    "sentKBytesPerSec" : 22.011087530496976
  },
  "GET" : {
    "transaction" : "GET",
    "sampleCount" : 1200,
    "errorCount" : 0,
    "errorPct" : 0.0,
    "meanResTime" : 0.9216666666666673,
    "medianResTime" : 1.0,
    "minResTime" : 0.0,
    "maxResTime" : 17.0,
    "pct1ResTime" : 1.0,
    "pct2ResTime" : 2.0,
    "pct3ResTime" : 3.0,
    "throughput" : 20.08435428800964,
    "receivedKBytesPerSec" : 5.511429252862021,
    "sentKBytesPerSec" : 2.549771540469974
  },
  "UPDATE" : {
    "transaction" : "UPDATE",
    "sampleCount" : 1200,
    "errorCount" : 0,
    "errorPct" : 0.0,
    "meanResTime" : 0.7941666666666669,
    "medianResTime" : 1.0,
    "minResTime" : 0.0,
    "maxResTime" : 7.0,
    "pct1ResTime" : 1.0,
    "pct2ResTime" : 1.0,
    "pct3ResTime" : 3.0,
    "throughput" : 20.082673673288372,
    "receivedKBytesPerSec" : 5.510968068548859,
    "sentKBytesPerSec" : 3.549769467641792
  },
  "PAGE" : {
    "transaction" : "PAGE",
    "sampleCount" : 1200,
    "errorCount" : 0,
    "errorPct" : 0.0,
    "meanResTime" : 0.465833333333333,
    "medianResTime" : 0.0,
    "minResTime" : 0.0,
    "maxResTime" : 9.0,
    "pct1ResTime" : 1.0,
    "pct2ResTime" : 1.0,
    "pct3ResTime" : 1.0,
    "throughput" : 20.08670762123165,
    "receivedKBytesPerSec" : 9.14102124169331,
    "sentKBytesPerSec" : 2.510838452653956
  }
}